1, Tool#1, 4, 
60, Tool#58, 2, 
6, Tool#7, 2, 
25, Tool#27, 2, 
126, Tool#127, 2, 
166, Tool#167, 2, 
133, Tool#134, 2, 
181, Tool#180, 2, 
44, Tool#46, 2, 
76, Tool#76, 2, 
5, Tool#4, 2, 
80, Tool#79, 2, 
142, Tool#139, 2, 
124, Tool#124, 2, 
64, Tool#65, 2, 
161, Tool#163, 2, 
24, Tool#26, 2, 
62, Tool#63, 2, 
109, Tool#109, 2, 
111, Tool#113, 1, 
195, Tool#194, 1, 
199, Tool#199, 1, 
128, Tool#125, 1, 
98, Tool#100, 1, 
200, Tool #201, 1, 
73, Tool#73, 1, 
99, Tool#99, 1, 
117, Tool#118, 1, 
125, Tool#126, 1, 
113, Tool#110, 1, 
9, Tool#6, 1, 
7, Tool#9, 1, 
136, Tool#135, 1, 
38, Tool#38, 1, 
150, Tool#151, 1, 
79, Tool#78, 1, 
140, Tool#140, 1, 
193, Tool#187, 1, 
48, Tool#49, 1, 
12, Tool#8, 1, 
72, Tool#71, 1, 
81, Tool#82, 1, 
61, Tool#61, 1, 
159, Tool#161, 1, 
160, Tool#162, 1, 
122, Tool#119, 1, 
172, Tool#173, 1, 
21, Tool#23, 1, 
28, Tool#29, 1, 
182, Tool#182, 1, 
106, Tool#107, 1, 
18, Tool#20, 1, 
185, Tool#184, 1, 
145, Tool#147, 1, 
165, Tool#166, 1, 
116, Tool#116, 1, 
91, Tool#93, 1, 
34, Tool#21, 1, 
146, Tool#146, 1, 
70, Tool#72, 1, 
67, Tool#66, 1, 
90, Tool#90, 1, 
10, Tool#11, 1, 
105, Tool#105, 1, 
45, Tool#45, 1, 
134, Tool#129, 1, 
170, Tool#170, 1, 
169, Tool#171, 1, 
39, Tool#41, 1, 
89, Tool#89, 1, 
167, Tool#169, 1, 
97, Tool#92, 1, 
112, Tool#112, 1, 
13, Tool#12, 1, 
118, Tool#120, 1, 
